{
    "object": 0.5625,
    "relation": 0.540625,
    "format": 0.3244199099906634,
    "text rendering": 0.7262483812483812,
    "overall": 0.5573274974090336
}