{
    "object": 0.37499999999999994,
    "relation": 0.39687500000000003,
    "format": 0.4885031757517272,
    "text rendering": 0.0,
    "overall": 0.317107596535961
}