{
    "object": 0.625,
    "relation": 0.675,
    "format": 0.5775935130432357,
    "text rendering": 0.687183695933696,
    "overall": 0.6458384367062543
}