{
    "object": 0.5075000000000001,
    "relation": 0.459375,
    "format": 0.29429026149464577,
    "text rendering": 0.628917378917379,
    "overall": 0.48930947569581634
}