{
    "consistency": 0.6112633868890603,
    "coherence": 0.7904811507936508,
    "editing": 0.5265228560841099,
    "reasoning": 0.13083202503621577,
    "overall": 0.6005243088288974
}