{
    "consistency": 0.3921578614154657,
    "coherence": 0.6534807256235827,
    "editing": 0.509544530445713,
    "reasoning": 0.10075490474700928,
    "overall": 0.4896965689305352
}