{
    "voice": 0.0005741095278685115,
    "transcript": 0.1,
    "coherence": 0.0,
    "overall": 0.028817475511943653
}