{
    "object": 0.28250000000000003,
    "relation": 0.375,
    "format": 0.5346201884327271,
    "text rendering": 0.04981481481481482,
    "overall": 0.2950846300935642
}