{
    "object": 0.5875,
    "relation": 0.5874999999999999,
    "format": 0.5663067170870434,
    "text rendering": 0.8527431364931365,
    "overall": 0.6413102031181069
}