{
    "consistency": 0.10403444572634143,
    "coherence": 0.235921910430839,
    "editing": 0.5462115814703976,
    "reasoning": 0.06775631755590439,
    "overall": 0.27922038627908874
}