{
    "sound": null,
    "music": 0.24702380952380953,
    "overall": 0.12351190476190477
}