{
    "consistency": 0.3773304171705584,
    "coherence": 0.5180342970521543,
    "editing": 0.3232994101323593,
    "reasoning": 0.07908785790205003,
    "overall": 0.3805432170908064
}