{
    "voice": 0.6545252337855799,
    "transcript": 0.41874999999999996,
    "coherence": 0.76875,
    "overall": 0.6197965287652486
}