{
    "object": 0.43500000000000005,
    "relation": 0.384375,
    "format": 0.27888069074825594,
    "text rendering": 0.3320485301735302,
    "overall": 0.37617192657265025
}