{
    "object": 0.24250000000000002,
    "relation": 0.046875,
    "format": 0.24230751223740224,
    "text rendering": 0.0004629629629629632,
    "overall": 0.1347145652402638
}