{
    "consistency": 0.0,
    "coherence": 0.02142857142857143,
    "editing": 0.16799400935111472,
    "reasoning": 0.0,
    "overall": 0.057898202805334406
}