{
    "object": 0.5700000000000001,
    "relation": 0.503125,
    "format": 0.6738822890893296,
    "text rendering": 0.05451388888888888,
    "overall": 0.45527187463180907
}