{
    "object": 0.475,
    "relation": 0.496875,
    "format": 0.3957825096825377,
    "text rendering": 0.5850496956746957,
    "overall": 0.49351529331351157
}