{
    "sound": 0.22378472222222223,
    "music": 0.2589285714285714,
    "overall": 0.24135664682539684
}