{
    "object": 0.24500000000000002,
    "relation": 0.353125,
    "format": 0.29358117005911966,
    "text rendering": 0.48900301087801096,
    "overall": 0.33511938376801936
}