{
    "object": 0.785,
    "relation": 0.76875,
    "format": 0.7065608447171615,
    "text rendering": 0.8489552577052577,
    "overall": 0.7828562473250068
}