{
    "object": 0.3175,
    "relation": 0.41875,
    "format": 0.38906742312341625,
    "text rendering": 0.2704945286195286,
    "overall": 0.34657988800752987
}