{
    "object": 0.35,
    "relation": 0.221875,
    "format": 0.5141099667112152,
    "text rendering": 0.0,
    "overall": 0.2618371381016022
}