{
    "sound": 0.48715277777777777,
    "music": null,
    "overall": 0.24357638888888888
}