{
    "object": 0.1475,
    "relation": 0.07187500000000001,
    "format": 0.22632135329541175,
    "text rendering": 0.011458333333333334,
    "overall": 0.10800126475648739
}