{
    "consistency": 0.0,
    "coherence": 0.019642857142857146,
    "editing": 0.0989904515135998,
    "reasoning": 0.0,
    "overall": 0.03657213545407994
}