{
    "object": 0.51,
    "relation": 0.584375,
    "format": 0.381633917343378,
    "text rendering": 0.49696662134162134,
    "overall": 0.5101191213365444
}