{
    "sound": null,
    "music": 0.4193452380952381,
    "overall": 0.20967261904761905
}