{
    "sound": 0.24635416666666668,
    "music": null,
    "overall": 0.12317708333333334
}