{
    "sound": 0.32534722222222223,
    "music": 0.38988095238095233,
    "overall": 0.3576140873015873
}