{
    "voice": 0.22693072418679558,
    "transcript": 0.39375,
    "coherence": 0.55,
    "overall": 0.366898881794341
}