{
    "sound": 0.30954861111111115,
    "music": null,
    "overall": 0.15477430555555557
}