{
    "consistency": 0.46129343610250284,
    "coherence": 0.4766666666666667,
    "editing": 0.43057664272608526,
    "reasoning": 0.04814200699329377,
    "overall": 0.416143885876114
}