{
    "sound": null,
    "music": 0.29464285714285715,
    "overall": 0.14732142857142858
}